varas,1018,POLÍCIA CIVIL - 34ª DELEGACIA DISTRITAL
varas,821,POLICIA FEDERAL
varas,822,POLICIA FEDERAL
varas,820,POLICIA FEDERAL
varas,1174,POSTO AVANÇADO DA JUSTIÇA DO TRABALHO
varas,467,POLÍCIA RODOVIÁRIA FEDERAL
varas,819,POLICIA FEDERAL
varas,1193,PRÉ PROCESSUAL
varas,733,PREFEITURA DO RECIFE
varas,207,PREFEITURA DE CARUARU
varas,809,PREFEITURA DE JABOATÃO DOS GUARARAPES
varas,930,PREFEITURA MUNICIPAL
varas,1228,PROCON (VAPT-VUPT Antônio Bezerra)
varas,70,PROCON ASSEMBLÉIA
varas,751,PROCON CASTELO BRANCO
varas,65,PROCON CAVALEIRO
varas,6,PROCON
varas,806,PROCON CENTRAL
varas,63,PROCON CENTRO
varas,62,PROCON CAXANGÁ
varas,67,PROCON CANDEIAS
varas,749,PROCON DO MUNICIPIO DE SINOP
varas,694,PROCON CSA
varas,69,PROCON DECON
varas,162,PROCON ESCOLA
varas,143,PROCON ESTADUAL
varas,273,PROCON FACIPE
varas,119,PROCON EXPRESSO CIDADÃO
varas,709,PROCON FIS/SESST
varas,134,PROCON FOCCA
varas,199,PROCON FORTALEZA
varas,120,PROCON CURADO
varas,703,PROCON FSA
varas,672,PROCON FORTALEZA  (SECRETARIA MUNICIPAL DE CIDADANIA E DIREITOS HUMANOS)
varas,1056,PROCON FAREC
varas,1134,Procon Ipesu
varas,963,Procon Faculdade Metropolitana
varas,1125,PROCON COMPAZ
varas,1110,PROCON IPOJUCA
varas,695,PROCON JABOATÃO DOS GUARARAPES
varas,743,PROCON MINEIRO
varas,160,PROCON MAURICIO DE NASSAU
varas,1224,PROCON MESSEJANA VAPT VUPT
varas,776,PROCON FAVIP
varas,720,PROCON MÓVEL 1
varas,142,PROCON MUNICIPAL
varas,872,PROCON MÓVEL - AFOGADOS
varas,691,PROCON PAULISTA- PE
varas,718,PROCON MÓVEL 2
varas,64,PROCON MURIBECA
varas,60,PROCON RECIFE
varas,1210,PROCON OLINDA
varas,656,PROCON PRAZERES
varas,68,PROCON RIOMAR
varas,66,PROCON PIEDADE
varas,161,PROCON SHOPPING
varas,601,PROCON SOPECE
varas,171,PROCON UNIVERSO
varas,248,PROCON UNIFOR
varas,61,PROCON SEDE
varas,668,PROCON VC
varas,964,PROCON ZONA SUL
varas,965,PROCON ZONA NORTE
varas,655,PROCURADORIA DA REPÚBLICA
varas,449,PROCURADORIA DA FAZENDA ESTADUAL DO CEARÁ
varas,687,PROCURADORIA GERAL DA FAZENDA DO ESTADO DE SERGIPE
varas,949,Procuradoria Geral da Fazenda Nacional - PGFN
varas,602,PROCURADORIA GERAL DO ESTADO
varas,308,PROCURADORIA GERAL DO ESTADO DE PERNAMBUCO
varas,708,PROCURADORIA GERAL DO ESTADO (RECEBEDORIA DE RENDAS DA SEFAZ/PB)
varas,1264,PROCURADORIA REGIONAL DO TRABALHO
varas,960,PROCURADORIA GERAL MUNICIPAL
varas,798,PROMOTORIA
varas,799,PROMOTORIA
varas,1001,PROMOTORIA DE JUSTICA DE DEFESA DA CIDADANIA
varas,1026,PROMOTORIA DE JUSTIÇA ESPECIALIZADA DE DEFESA DO CONSUMIDOR
varas,1031,PROMOTORIA ESPECIALIZADA NA DEFESA DO CONSUMIDOR
varas,810,PRONUCON DO BRASIL
varas,811,PRONUCON DO BRASIL
varas,812,PRONUCON DO BRASIL
varas,813,PRONUCON DO BRASIL
varas,203,PRT
varas,946,Receita Federal do Brasil - RFB
varas,1237,Registro Civil das Pessoas Naturais
varas,959,SAD - SECRETARIA DE ADMINISTRAÇÃO
varas,155,SAJ
varas,658,SAJ - FEIRA DE SANTANA
varas,488,SAJ - ILHEUS
varas,447,SAJ - BARREIRAS
varas,128,SAJ - INSTITUTO DO CACAU
varas,222,SAJ - SALVADOR SHOPPING
varas,474,SAJ - JUAZEIRO
varas,686,SAJ CAJAZEIRAS
varas,603,SAJ ITABUNA
varas,539,SAJ JEQUIE
varas,147,SAJ PERIPERI
varas,659,SAJ- ALAGOINHAS
varas,612,SAJ TEIXEIRA DE FREITAS
varas,425,SAJ- BARRA
varas,772,SECRETARIA DA FAZENDA
varas,773,SECRETARIA DA FAZENDA
varas,774,SECRETARIA DA FAZENDA
varas,441,SAL - BARRA
varas,470,SECRETARIA DA FAZENDA DO ESTADO DO CEARÁ (SEFAZ/CE)
varas,735,SECRETARIA DA RECEITA FEDERAL DO BRASIL - DRF MANAUS
varas,710,SECRETARIA DA RECEITA MUNICIPAL DE CABEDELO/PB
varas,696,SECRETARIA DE ADMINISTRAÇÃO FAZENDÁRIA (SEFAZ) DO MUNICÍPIO DE JABOATÃO DOS GUARARAPES
varas,778,SECRETARIA DE DEFESA SOCIAL
varas,855,SECRETARIA DE ESTADO DE JUSTIÇA, DIREITOS HUMANOS E CIDADANIA
varas,982,SECRETARIA DE ESTADO DE SEGURANÇA - SESEG CHEFIA DA POLÍCIA CIVIL
varas,266,SECRETARIA DE FINANÇAS
varas,1251,Secretaria de Saúde do Estado do Piauí
varas,883,SECRETARIA EXECUTIVA DE DEFESA DO CONSUMIDOR
varas,1082,SECRETARIA DO JUÍZO
varas,998,SECRETARIA MUNICIPAL DO MEIO AMBIENTE
varas,1130,Sede da Central de Atendimento dos Juizados Especiais
varas,512,SEFAZ
varas,1133,SEDECON
varas,225,SERCEFOR
varas,907,SETOR UNIFICADO DE CARTAS PRECATÓRIAS CÍVEIS - SETOR DE CARTAS PRECATÓRIAS CÍVEIS - CAP
varas,204,SRTE
varas,756,SUBDEFENSORIA DE CAUSAS COLETIVAS
varas,697,STF
varas,758,SUBDEFENSORIA DE CAUSAS COLETIVAS
varas,757,SUBDEFENSORIA DE CAUSAS COLETIVAS
varas,887,SUPERENDIVIDADOS
varas,1034,SUPERINTENDÊNCIA DE SEGUROS PRIVADOS
varas,734,STJ
varas,1235,Superintendência Federal de Agricultura
varas,1064,SUPERITENDÊNCIA DO TESOURO MUNICIPAL
varas,940,TABELIONATO DO 1° OFICIO DE PROTESTOS DE TITULOS
varas,938,TABELIONATO DE 2° OFICIO DE PROTESTO DE TITULO
varas,1065,SUPERINTENDÊNCIA DO TESOURO MUNICIPAL
varas,943,TABELIONATO DO 4º OFICIO DE PROTESTO DE TITULOS
varas,921,TABELIONATO DO 3º OFICIO DE PROTESTO DE TÍTULOS
varas,81,TJAL
varas,76,TJBA
varas,754,TJDFT
varas,746,TJGO
varas,77,TJMA
varas,75,TJCE
varas,675,TJMS
varas,363,TJMT
varas,74,TJPB
varas,73,TJPE
varas,78,TJPI
varas,80,TJSE
varas,79,TJRN
varas,1203,TR EXCLUS CIV 2ºTIT
varas,1183,TR EXCLUS CIV 3ºTIT
varas,847,TRE
varas,216,TRF
varas,677,TRF 5 REGIAO
varas,1188,TRF da 3ª Região
varas,922,TRIBUNAL DE CONTAS
varas,201,TRT
varas,122,TURMA RECURSAL
varas,417,TURMA RECURSAL DA 1ª REGIÃO
varas,664,UJ - 2º JD CÍVEL
varas,345,TURMA RECURSAL DA 2ª REGIÃO
varas,1204,UJ CÍVEL
varas,521,V DOS FEITOS DE REL DE CONS CIV E COMERCIAIS 
varas,1207,VARA AGRÁRIA
varas,418,VARA
varas,936,Tribunal Regional Federal da 1ª Região - TRF1
varas,596,VARA CÍVEL
varas,625,VARA CÍVEL DE ITIUBA
varas,1253,Vara cível de Macau - RN 
varas,305,VARA CIVEL DE MONSENHOR TABOSA
varas,653,VARA CÍVEL DE SÃO LUÍS DO CURU
varas,740,VARA CRIMINAL
varas,334,VARA CÍVEL MATÕES
varas,1139,VARA CRIMINAL DA INFÂNCIA E JUVENTUDE E DE EXECUÇÕES CRIMINAIS DO ESTADO DE MINAS GERAIS
varas,914,VARA DA FAZENDA PÚBLICA
varas,256,VARA DA FAMÍLIA
varas,698,VARA DA FAZENDA PÚBLICA DA COMARCA DE PAULISTA
varas,480,VARA DA FAZENDA PÚBLICA DA COMARCA DE IPOJUCA
varas,707,VARA DA FAZENDA PÚBLICA DA COMARCA DO CABO DE SANTO AGOSTINHO
varas,1116,VARA DA INFÂNCIA E JUVENTUDE
varas,1187,Vara das Execuções Fiscais Estaduais
varas,1136,Vara das Execuções Fiscais Municipais
varas,954,VARA DE ACIDENTE DO TRABALHO
varas,306,VARA DE CAUCAIA
varas,990,VARA DE EXECUÇÕES FISCAIS DO ESTADO
varas,837,VARA DE EXECUÇÃO FISCAL DA FAZENDA PÚBLICA ESTADUAL
varas,264,VARA DE PIRIPIRI
varas,244,VARA DE SAO GONCALO
varas,370,VARA DE SUCESSÕES
varas,913,VARA DE SUCESSÕES E REGISTROS PÚBLICOS
varas,1009,VARA DE EXECUÇÕES FISCAL ESTADUAL E TRIBUTARIA
varas,513,VARA DO JEC
varas,1080,VARA DO JUIZADO ESPECIAL CÍVEL - CENTRO
varas,1079,VARA DO JUIZADO ESPECIAL DA FAZENDA PUBLICA
varas,1038,VARA DO JUIZADO ESPECIAL DAS RELAÇÕES DE CONSUMO
varas,1257,Vara do Trabalho
varas,232,VARA DO ÚNICO OFÍCIO DE FEIRA GRANDE
varas,859,VARA DO JUIZADO ESPECIAL CÍVEL E CRIMINAL
varas,454,VARA DO UNICO OFICIO DE VIÇOSA
varas,346,VARA DOS FEITOS DE REL DE CONS CIV E COMERCIAIS 
varas,1169,Vara dos Executivos Fiscais da Comarca de Jaboatão dos Guararapes
varas,410,VARA DO UNICO OFICIO DE MURICI
varas,506,VARA DOS FEITOS DE RELAÇÃO DE CONSUMO CÍVEIS E COMERCIAI
varas,606,VARA FEDERAL
varas,5,VARA ÚNICA
varas,432,VARA ÚNICA DA COMARCA DE QUITERIANÓPOLIS
varas,652,VARA ÚNICA DA COMARCA DE CANTO DO BURITI 
varas,413,VARA ÚNICA DE LUZILÂNDIA
varas,379,VARA UNICA DE NOVA RUSSAS
varas,396,VARA UNICA DE PILAR
varas,352,VARA ÚNICA DE RIBEIRO GONÇALVES 
varas,412,VARA ÚNICA DE SÃO JOÃO DO JAGUARIBE
varas,292,VARA ÚNICA DE TAMBORIL 
varas,665,VARA VINCULADA
varas,219,ZONA NORTE 2 ANEXO II FACID - PEDRA MOLE - TERESINA
varas,1129, 03ª VARA DO JEF 
varas,1014, 09° COODERNADORIA REGIONAL DE POLICIA DO INTERIOR DELEGACIA CIRCUNSCRICIONAL DE JAGUAQUARA
varas,1112, 10ª Vara do Juizado Especial Federal
varas,1202, 02 Vara Criminal
varas,1144, 4ª vara das execuções fiscais
varas,1221, Conselho Regional de Corretores de Imóveis
varas,1046, ICMBIO
varas,1146, 7ª  vara das execuções fiscais
varas,1165, Vara dos Executivos Fiscais Municipais da Capital
varas,1070,01 JEC CENTRAL - EXTENSÃO FAMA
varas,1090,01 JEC CENTRAL
varas,871,01 JUIZADO DE VIOLENCIA DOMESTICA E FAMILIAR CONTRA A MULHER DO PARANOA - CIVEL
varas,260,01ª  VARA RELAÇÕES DO CONSUMO
varas,870,01 JUIZADO ESPECIAL CIVEL E CRIMINAL
varas,1190, 6ª Vara Cível, Falências e Recuperações Judiciais
varas,732,01ª PROMOTORIA DE DEFESA DO CONSUMIDOR
varas,876,01ª UNIDADE JURISDICIONAL CÍVEL
varas,324,01ª TURMA RECURSAL
varas,1209, 1ª JUIZADO ESPECIAL CRIMINAL
varas,473,01ª VARA CRIMINAL
varas,1138, VARA DAS EXECUÇÕES FISCAIS
varas,919,01ª Vara de Execução de Títulos Extrajudiciais da Capital
varas,149,01ª VARA DA FAZENDA PÚBLICA
varas,955,01ª VARA DE EXECUTIVOS FISCAIS MUNICIPAIS
varas,372,01ª VARA DE SUCESSÕES
varas,683,01ª VARA DE EXECUTIVOS FISCAIS ESTADUAIS
varas,492,01ª VARA DOS EXECUTIVOS FISCAIS MUNICIPAIS
varas,385,01ª VARA DE FAMÍLIA
varas,1151, 5ª vara das execuções fiscais federais
varas,651,01ª VARA REGIONAL DE MANGABEIRA
varas,599,01ª VARA DO JEC
varas,263,01ª CÂMARA CÍVEL
varas,779,01ª VARA FAZENDA PÚBLICA
varas,706,01° JEC ZONA NORTE
varas,748,01° VARA DE TÓXICOS
varas,3,01º JEC
varas,113,01ª VT
varas,1053,01ª VARA CÍVEL DE FERNANDO DE NORONHA
varas,4,01ª VC
varas,83,01ª VF
varas,139,01º JEC DECON NAJ - VESPERTINO
varas,140,01º JEC - MATUTINO
varas,131,01º JEC DECON NAJ - MATUTINO
varas,284,01º JEC - ZONA SUL
varas,137,01º JEC DECON UNIVERSO - MATUTINO
varas,880,01º JUIZADO ESPECIAL CÍVEL E CRIMINAL
varas,523,01º JUIZADO ESPECIAL CÍVEL DE DEFESA DO CONSUMIDOR - UNIVERSO - VESPERTINO
varas,238,01º JEC MANGABEIRA
varas,854,01º JUIZADO ESPECIAL CÍVEL E CRIMINAL DE BRASÍLIA - CÍVEL (GUARÁ)
varas,1063,02 VARA DA INFÂNCIA E JUVENTUDE
varas,315,02ª CÂMARA CIVEL
varas,489,02 ª VARA CÍVEL E CRIMINAL
varas,1000,02ª DELEGACIA METROPOLITANA
varas,477,01º JEF
varas,874,02ª UNIDADE JURISDICIONAL CÍVEL
varas,486,02ª VARA DA FAZENDA PÚBLICA
varas,920,02ª Vara de Execução de Títulos Extrajudiciais da Capital
varas,957,02ª VARA DE EXECUTIVOS FISCAIS ESTADUAIS
varas,958,02ª Vara de Falências e Recuperações Judiciais
varas,1072,01º Juizado da Fazenda Pública
varas,956,02ª VARA DE EXECUTIVOS FISCAIS MUNICIPAIS
varas,1123,02ª VARA DE FAMÍLIA
varas,929,02ª VARA DISTRITAL CÍVEL DE ICOARACI
varas,129,01º JEC DECON UNIVERSO VESPERTINO
varas,522,02ª VARA DO JEC
varas,348,02ª TURMA RECURSAL
varas,609,02ª VARA DO SISTEMA DOS JUIZADOS
varas,493,02ª VARA DOS EXECUTIVOS FISCAIS MUNICIPAIS
varas,932,02 UJ - 6ª JD
varas,645,02ª VARA DO JEC PROCON
varas,781,02ª VARA FAZENDA PÚBLICA
varas,82,02º JEC
varas,276,02º JEC - ZONA SUL
varas,127,02º JEC DECON BROTAS VESPERTINO
varas,114,02ª VT
varas,510,02° JEC CENTRAL
varas,673,02º JEC MISTO MANGABEIRA
varas,130,02º JEC DECON BROTAS MATUTINO
varas,84,02ª VF
varas,150,02º JEC MANGABEIRA
varas,903,02º JECCRIM
varas,163,02º JEC ZONA NORTE
varas,863,02º JUIZADO ESPECIAL CÍVEL E CRIMINAL DO GAMA - CÍVEL
varas,978,02º Juizado Especial Criminal da Capital
varas,1068,02º JUIZADO ESPECIAL DA FAZENDA PÚBLICA
varas,1047,03 VARA CRIMINAL
varas,944,02º Juizado Especial Federal
varas,249,03ª CÂMARA CÍVEL
varas,1013,03ª PROMOTORIA DE JUSTIÇA DO CONSUMIDOR
varas,314,03ª TURMA RECURSAL
varas,1024,03ª VARA DE EXECUÇÃO FISCAL
varas,8,02ª VC
varas,867,03ª UNIDADE JURISDICIONAL CÍVEL
varas,613,03ª VARA DO SISTEMA DOS JUIZADOS
varas,517,03ª VARA DO JEC
varas,784,03ª VARA FAZENDA PÚBLICA
varas,1041,03ª VARA JEC CENTRAL
varas,7,03ª VC
varas,85,03ª VF
varas,151,03ª VARA MISTA
varas,897,03º JEC BROTAS - MATUTINO
varas,115,03ª VT
varas,760,03º JEC CENTRAL
varas,164,03º JEC ZONA NORTE
varas,11,03º JEC
varas,885,03º JECCRIM
varas,1140,04ª  Vara das Execuções Fiscais
varas,800,04ª CÂMARA CÍVEL
varas,1248,04 JEC CENTRO
varas,389,04ª TURMA RECURSAL
varas,866,04ª UNIDADE JURISDICIONAL CÍVEL
varas,768,04ª VARA CÍVEL - FORO REGIONAL I - SANTANA
varas,138,04ª PJCD
varas,532,04ª VARA DO JEC
varas,785,04ª VARA FAZENDA PÚBLICA
varas,644,04ª VARA REGIONAL
varas,787,04ª VARA FAZENDA PÚBLICA
varas,786,04ª VARA FAZENDA PÚBLICA
varas,646,04ª VC DA COMARCA REGIONAL DE MANGABEIRA
varas,400,04ª VARA SUCESSÕES
varas,9,04ª VC
varas,316,03ª VARA DA FAMILIA
varas,86,04ª VF
varas,923,04ª VCrim
varas,116,04ª VT
varas,711,04ª VC MANGABEIRA
varas,1141,05ª  Vara das Execuções Fiscais
varas,12,04º JEC
varas,925,04ª VSJE Brotas Vespertino
varas,607,05ª TURMA RECURSAL
varas,873,05ª UNIDADE JURISDICIONAL CÍVEL
varas,830,05ª CÂMARA CÍVEL
varas,769,05ª VARA DA FAZENDA PÚBLICA
varas,1051,05ª VARA CRIMINAL
varas,788,05ª VARA FAZENDA PÚBLICA
varas,1249,04° JEC NORTE
varas,789,05ª VARA FAZENDA PÚBLICA
varas,530,05ª VARA DO JEC
varas,790,05ª VARA FAZENDA PÚBLICA
varas,1025,03ª VARA CIVEL E EMPRESARIAL
varas,485,05ª VARA SUCESSÕES
varas,791,05ª VARA FAZENDA PÚBLICA
varas,87,05ª VF
varas,117,05ª VT
varas,1246,05° JEC NORTE
varas,1245,05° JEC CENTRO
varas,10,05ª VC
varas,13,05º JEC
varas,1250,04° JEC SUL
varas,382,06ª CÂMARA CÍVEL
varas,1005,06ª COORDENADORIA DE POLICIA
varas,381,06ª TURMA RECURSAL
varas,1084,06ª DELEGACIA DE POLÍCIA DE JABOATÃO DOS GUARARAPES/PE
varas,860,06ª UNIDADE JURISDICIONAL CÍVEL
varas,807,06ª VARA DA FAZENDA PÚBLICA
varas,1247,05° JEC SUL
varas,531,06ª VARA DO JEC
varas,753,06ª VARA FAZENDA PÚBLICA
varas,448,06ª VARA
varas,840,06ª VARA EMPRESARIAL
varas,88,06ª VF
varas,931,05ª VC Foro Regional III - Jabaquara
varas,172,06ª VT
varas,715,05° JEC CENTRAL
varas,1242,06° JEC CENTRO
varas,33,06ª VC
varas,1243,06° JEC NORTE
varas,689,06° VARA DE ACIDENTES DE TRABALHO
varas,1244,06° JEC SUL
varas,14,06º JEC
varas,344,07ª VARA
varas,1142,07ª  Vara das Execuções Fiscais
varas,614,07ª VARA DO JEC
varas,737,07ª VARA DA FAZENDA PÚBLICA
varas,89,07ª VF
varas,713,07ª VARA DE ACIDENTE DE TRABALHO
varas,34,07ª VC
varas,173,07ª VT
varas,1256,07° JEC - UNIFAP
varas,391,08ª CÂMARA CÍVEL
varas,910,08ª DELEGACIA SECCIONAL
varas,15,07º JEC
varas,825,07º JEC CENTRAL
varas,701,08ª VARA DA FAZENDA PÚBLICA
varas,520,08ª VARA DO JEC
varas,35,08ª VC
varas,690,08° JEC CENTRAL
varas,174,08ª VT
varas,759,08º JEF
varas,90,08ª VF
varas,466,09ª VARA DA FAZENDA PÚBLICA
varas,36,09ª VC
varas,175,09ª VT
varas,529,09ªVARA DO JEC
varas,962,09º Jec Central
varas,91,09ª VF
varas,611,09º JEF
varas,16,08º JEC
varas,616,1 JEC CENTRAL
varas,208,09º JESF
varas,1069,1 JEC CENTRAL - EXTENSÃO FAMA
varas,17,09º JEC
varas,692,1 JUIZADO ESPECIAL CÍVEL E DAS RELAÇÕES DE CONSUMO DA CAPITAL
varas,464,1 NAJ - MATUTINO
varas,670,1 JEC NAJ VESPERTINO
varas,481,1 SALA DA CENTRAL DE CONCILIAÇÃO DO FORUM GUMERSINDO BESSA
varas,229,1 VARA DE CRATÉUS
varas,1143,10ª  Vara das Execuções Fiscais
varas,879,10ª UNIDADE JURISDICIONAL CÍVEL
varas,1147,10ª vara das execuções fiscais
varas,1195,10ª VARA DE FAMÍLIA
varas,552,1 VARA REGIONAL MANGABEIRA
varas,1155,10ª vara das execuções fiscais federais
varas,476,1 JEC NAJ
varas,515,10ª VARA DO JEC
varas,1196,10ª VSJE DO CONSUMIDOR
varas,1022,10ª VARA DE FAZENDA PÚBLICA
varas,37,10ª VC
varas,1055,10ª Vara Criminal
varas,272,10° JEC ALAGOAS
varas,742,11ª CIVEL DE CARMÓPOLIES
varas,1073,11ª Vara Criminal 
varas,176,10ª VT
varas,823,10º JEC CENTRAL
varas,971,11ª VARA DA FAZENDA PÚBLICA
varas,1156,11ª vara das execuções fiscais federais
varas,38,11ª VC
varas,722,11ª VARA FEDERAL
varas,177,11ª VT
varas,497,11ª VARA DO JEC
varas,1171,11ª TURMA
varas,642,11° JEC CENTRAL
varas,1240,11º Juizado Especial Federal
varas,1124,12 VSJE DO CONSUMIDOR (VESPERTINO)
varas,19,11º JEC
varas,1011,12ª DELEGACIA DE POLICIA
varas,975,12ª VARA DA FAZENDA PÚBLICA
varas,93,11ª VF
varas,1163,12ª Vara das Execuções Fiscais Federais 
varas,1160,12ª Vara de Execuções Fiscais Federais
varas,501,12ª VARA DO JEC
varas,1085,12ª Vara do JEC de Manaus
varas,446,12ª VCRIM
varas,39,12ª VC
varas,20,12º JEC
varas,977,12º JEC - CENTRAL
varas,178,12ª VT
varas,1035,12º JEF
varas,1263,12º Juizado Especial Cível e das Relações de Consumo da Capital 
varas,253,13 VARA DE FORTALEZA
varas,94,12ª VF
varas,974,12º VARA
varas,1044,13ª VARA DA FAZENDA PÚBLICA
varas,1157,13ª vara das execuções fiscais federais
varas,394,13 VARA FEDERAL
varas,502,13ª VARA DO JEC
varas,40,13ª VC
varas,179,13ª VT
varas,1049,13º JEC - CENTRAL
varas,95,13ª VF
varas,21,13º JEC
varas,1032,14ª PROMOTORA DE JUSTICA DE DEFESA DO CONSUMIDOR 
varas,973,14ª VARA
varas,1020,14ª VARA DA FAZENDA PUBLICA
varas,505,14ª VARA DO JEC
varas,41,14ª VC
varas,152,13º JESF
varas,1087,14ª VSJE DO CONSUMIDOR (VESPERTINO)
varas,180,14ª VT
varas,22,14º JEC
varas,1033,14º DEPARTAMENTO DE POLICIA CIVIL
varas,1062,15ª CÂMARA CÍVEL
varas,1182,15ª Câmara de Direito Público
varas,1019,15ª VARA DA FAZENDA PÚBLICA
varas,495,15ª VARA DO JEC
varas,42,15ª VC
varas,217,14º JESF
varas,97,15ª VF
varas,483,15ª JEF
varas,895,15ª VSJE DO CONSUMIDOR (UNIVERSO MATUTINO)
varas,23,15º JEC
varas,516,16ª VARA DO JEC
varas,181,15ª VT
varas,182,16ª VT
varas,98,16ª VF
varas,18,10º JEC
varas,1135,16º JEF
varas,1230,16º Promotor de Justiça
varas,144,17ª PROMOTORIA DE JUSTIÇA
varas,99,17ª VF
varas,24,16º JEC
varas,96,14ª VF
varas,183,17ª VT
varas,43,16ª VC
varas,44,17ª VC
varas,25,17º JEC
varas,682,18 VARA EXECUÇÃO FISCAL
varas,200,18ª DELEGACIA SECCIONAL DE POLÍCIA
varas,1029,18ª PROMOTORIA DE JUSTIÇA E DEFESA DO CONSUMIDOR
varas,100,18ª VF
varas,45,18ª VC
varas,1184,17º Câmara Cível
varas,184,18ª VT
varas,26,18º JEC
varas,1231,19ª Vara Cível Federal
varas,1086,19ª Vara de Execuções Fiscais
varas,46,19ª VC
varas,185,19ª VT
varas,27,19º JEC
varas,1216,1a Vara Federal de Jales
varas,1217,1a Vara Federal do Foro de Sao Jose dos Campos
varas,1215,1ª JEF DO FORO DE AMERICANA
varas,1201,1ª JUIZADO ESPECIAL CIVEL DO FORO DA COMARCA DE PAULISTA/PE
varas,1168,1ª T. RECURSAL CÍVEL
varas,1212,1ª UJ - 1ªJD
varas,861,1ª UJ - 2º JD CÍVEL
varas,1218,1ª VARA CÍVEL DO FORO DE CAÇAPAVA
varas,989,1ª VARA DA FAZENDA E REGIMENTOS PÚBLICOS
varas,1008,1ª VARA DA INFANCIA E JUVENTUDE
varas,1148,1ª vara das execuções fiscais federais
varas,472,1ª VARA DE EXECUÇÃO FISCAL ESTADUAL E TRIBUTÁRIA DA COMARCA DE NATAL
varas,950,1ª Vara de Execuções de Títulos Extrajudiciais 
varas,676,1ª VARA DE EXECUTIVO FISCAL DE JOAO PESSOA
varas,1172,1ª Vara de Falências e Recuperações Judiciais
varas,631,1ª VARA DO FÓRUM DE MARANGUAPE
varas,101,19ª VF
varas,1078,1ª VARA DO JUIZADO ESPECIAL CÍVEL - CENTRO
varas,1104,1ª Vara do Juizado Especial Cível Central
varas,1105,1ª Vara do Juizado Especial Cível Central - Extensão FAMA
varas,1097,1ª Vara do Juizado Especial Cível Norte
varas,1091,1ª Vara do Juizado Especial Cível Sul
varas,1219,1ª VARA DO JUIZADO ESPECIAL DO FORO REGIONAL DE VILA PRUDENTE
varas,637,1ª VARA DO SISTEMA DOS JUIZADOS
varas,666,1ª VARA DO SISTEMA DOS JUIZADOS - PAULO AFONSO
varas,491,1ª VARA DOS EXECUTIVOS FISCAIS MUNICIPAIS
varas,401,1ª VARA DOS FEITOS RELATIVOS ÀS RELAÇÕES DE CONSUMO, CÍVEIS E COMERCIAIS
varas,647,1ª VARA DOS SISTEMAS DO JUIZADO
varas,678,1ª VARA EXEC FISCAIS
varas,358,1ª VARA REGIONAL DE MANGABEIRA
varas,620,1ª VT
varas,403,1° JEC - ZONA NORTE
varas,442,1° JEC CENTRAL
varas,297,1° JECC
varas,311,1° JECC GOIANA
varas,331,1° JECC MACEIÓ
varas,376,1° JECC UNIVERSO - MATUTINO
varas,423,1° JUIZADO ESPECIAL DA FAZENDA PÚBLICA DA CAPITAL
varas,856,1° VARA DE PRECATÓRIAS
varas,283,1º JEC - ZONA SUL
varas,450,1º JEC DE DEFESA DO CONSUMIDOR - NAJ - VESPERTINO
varas,1186,18º CÂMARA CÍVEL
varas,888,17ª VSJE DO CONSUMIDOR (UNIVERSO MATUTINO)
varas,503,1ª VARA DO JEC
varas,1254,1º JESP CÍVEL
varas,444,1º JUIZADO CÍVEL DE DEFESA DO CONSUMIDOR - UNIVERSO - MATUTINO
varas,850,1º JUIZADO ESPECIAL CÍVEL E CRIMINAL
varas,953,1º JUIZADO ESPECIAL DA FAZENDA PÚBLICA
varas,92,10ª VF
varas,452,1º JEC UNIVERSO - VESPERTINO
varas,398,1º VARA
varas,984,1º JUIZADO ESPECIAL CRIMINAL
varas,433,1º NAJ- VESPERTINO
varas,723,1ºJECCRIM DA CAPITAL
varas,427,1º VARA MISTA
varas,282,1ºJEC - ZONA SUL
varas,325,2 JEC -BROTAS - SALVADOR
varas,731,2 CAMARA CIVEL
varas,469,2 JEC BROTAS MATUTINO
varas,739,2 UJ - 4º JD CÍVEL 
varas,407,1º VARA FEDERAL
varas,461,2 JEC BROTAS VESPERTINO
varas,378,2 JEC SALVADOR
varas,745,2 UJ - 5 JD CIVEL
varas,627,2 VARA DO SISTEMA DE JUIZADOS
varas,657,2 VARA DO SISTEMA DOS JUIZADOS - ITABUNA
varas,47,20ª VC
varas,455,2 VARA 
varas,186,20ª VT
varas,632,2 VARA BROTAS
varas,102,20ª VF
varas,28,20º JEC
varas,323,2 VARA DE QUIXEMBO
varas,1194,20ºCâmara de Direito Privado
varas,103,21ª VF
varas,48,21ª VC
varas,187,21ª VT
varas,374,21º JEF
varas,237,2 VARA QUIXERAMOBIM 
varas,274,2 JEC DE ARAPIRACA
varas,29,21º JEC
varas,1192,22ª DELEGACIA DE POLÍCIA 
varas,49,22ª VC
varas,104,22ª VF
varas,30,22º JEC
varas,671,23 VARA DOS FEITOS DE REL DE CONS CIV E COMERCIAIS
varas,105,23ª VF
varas,189,23ª VT
varas,188,22ª VT
varas,31,23º JEC
varas,50,23ª VC
varas,1002,23° COORPIN
varas,190,24ª VT
varas,51,24ª VC
varas,32,24º JEC
varas,906,24ª CÂMARA CÍVEL
varas,1238,24º Ofício de Notas
varas,52,25ª VC
varas,106,24ª VF
varas,727,25ª VARA DOS FEITOS DE REL DE CONS CIV E COMERCIAIS - SALVADOR
varas,107,25ª VF
varas,191,25ª VT
varas,605,25 VARA DAS RELAÇOES DE CONSUMO
varas,380,25º JEC
varas,912,26ª CÂMARA CÍVEL
varas,1003,26ª CIRCUNSCRIÇÃO POLICIAL
varas,108,26ª VF
varas,53,26ª VC
varas,648,26° JEC
varas,192,26ª VT
varas,54,27ª VC
varas,911,27ª CÂMARA CÍVEL
varas,109,27ª VF
varas,193,27ª VT
varas,843,27º JEC
varas,55,28ª VC
varas,110,28ª VF
varas,194,28ª VT
varas,1027,28ª PROMOTORIA DE JUSTIÇA
varas,588,29ª VARA DOS FEITOS RELATIVOS ÀS RELAÇÕES DE CONSUMO
varas,56,29ª VC
varas,111,29ª VF
varas,195,29ª VT
varas,1010,29° PROMOTORIA DE JUSTIÇA
varas,1262,28º JEC
varas,158,2ª CÂMARA CÍVEL
varas,1239,2ª Estadual de Execuções Fiscais
varas,893,29º JEC
varas,1261,2ª Promotoria de Justiça de Defesa da Cidadania do Cabo de St Agostinho/PE
varas,1211,2ª PROMOTORIA DE JUSTIÇA E DEFESA DO CONSUMIDOR DA PARAÍBA
varas,1259,2ª Turma Cível
varas,1189,2ª Turma
varas,882,2ª UJ - 3º JD CÍVEL
varas,1206,2ª UJ - 6º JD CÍVEL
varas,1175,2ª V.Família e Sucessões
varas,719,2ª VARA DA DÍVIDA ATIVA 
varas,368,2ª VARA DA FAZENDA PÚBLICA
varas,1161,2ª Vara das Execuções Fiscais Federais
varas,197,2ª VARA DAS RELAÇÕES DE CONSUMO
varas,730,2ª VARA DE CABEDELO
varas,951,2ª Vara de Execuções de Títulos Extrajudiciais 
varas,490,2ª VARA DE EXECUTIVO FISCAL
varas,726,2ª VARA DE FEITOS DE REL DE CONS. CÍVEL E COMERCIAIS - SALVADOR
varas,383,2ª VARA DE SUCESSÕES E REGISTROS PÚBLICOS
varas,928,2ª VARA DISTRITAL CIVEL DE ICOARACI
varas,589,2ª VARA DO JEC
varas,1106,2ª Vara do Juizado Especial Cível Central
varas,636,2ª VARA DO JEC PROCON
varas,1098,2ª Vara do Juizado Especial Cível Norte 
varas,1115,2ª VARA DO JUIZADO ESPECIAL CIVIL DO IDOSO
varas,1092,2ª Vara do Juizado Especial Cível Sul
varas,1222,2ª VARA DO JUIZADO ESPECIAL FEDERAL CÍVEL DE SOROCABA
varas,508,2ª VARA DO SISTEMA DOS JUIZADOS
varas,519,2ª VARA DO SISTEMA DOS JUIZADOS ESPECIAIS DE ITABUNA  
varas,826,2ª VARA DO TRIBUNAL DO JÚRI
varas,527,2ª VARA DOS JUIZADOS - VITORIA DA CONQUISTA
varas,987,2ª PROMOTORIA DE DEFESA DO CONSUMIDOR
varas,1167,2ª Vara Judicial
varas,371,2ª VARA PRIVATIVA DE ASSISTENCIA JUDICIÁRIA
varas,349,2ª VARA REGIONAL DE MANGABEIRA
varas,1214,2ª Vara Federal Cível da SJPI
varas,482,2° JEC CENTRAL
varas,511,2° JEC MISTO
varas,397,2° JEC ZONA NORTE
varas,902,2ª VSJE DO CONSUMIDOR (BROTAS VESPERTINO)
varas,350,2° VARA CÍVEL DE ARAPIRACA
varas,475,2° JEC DISTRITO NORTE
varas,453,2º JEC BROTAS - VESPERTINO
varas,643,2º JEC MISTO MANGABEIRA
varas,1067,2º JUIZADO ESPECIAL DA FAZENDA PÚBLICA
varas,443,2º JEC ZONA SUL
varas,404,2º VARA
varas,680,3  VARA  DE  FEITOS  DE  REL  DE  CONS.  CÍVEL  E COMERCIAIS
varas,445,2º VARA DO SISTEMA DE JUIZADOS - FEIRA DE SANTANA
varas,688,3 UNIDADE JURISDICIONAL
varas,259,30 VARA DOS FEITOS E RELAÇÕES DE CONSUMO - SALVADOR
varas,621,2º JEC
varas,214,30ª VARA REL. CONSUMO
varas,57,30ª VC
varas,112,30ª VF
varas,387,2° VARA DE BOA VIAGEM
varas,771,2º CEJUSC
varas,58,31ª VC
varas,1015,30° PROMOTORIA DE JUSTIÇA DE NATAL
varas,326,31ª VF
varas,1012,30° PROMOTORIA DE JUSTIÇA
varas,59,32ª VC
varas,196,30ª VT
varas,471,31ª VT
varas,890,33ª VARA CÍVEL
varas,608,33ª VARA FEDERAL
varas,261,34ª VC
varas,1185,32ª VF
varas,549,32ªVT
varas,533,33º VT
varas,968,34ª VARA FEDERAL
varas,836,35ª VC
varas,562,35ªVT
varas,792,35ª VF
varas,935,36ª Vara Federal
varas,898,36ª VC
varas,1200,37ª Vara Federal
varas,857,37ª VC
varas,568,37ºVT
varas,136,33ª VC
varas,937,36ª VF
varas,213,36ª VT
varas,564,34ªVT
varas,891,39ª VARA CÍVEL
varas,559,38ªVT
varas,640,3ª CÂMARA CÍVEL
varas,681,3ª VARA CÍVEL
varas,1118,3ª VARA CÍVEL E DE FAZENDO PÚBLICA
varas,255,3ª VARA DA FAMÍLIA
varas,354,3ª VARA DA FAZENDA PÚBLICA
varas,215,39ª VT
varas,1166,3ª VARA DA FAZENDA PÚBLICA DA COMARCA DE CURITIBA/PR
varas,1149,3ª vara das execuções fiscais federais
varas,1232,3ª Vara de Sucessões e Registros Públicos da Capital
varas,886,38ª VC
varas,479,3ª CAMARA CÍVEL DO TJAL
varas,1077,3ª VARA DO JUIZADO ESPECIAL CÍVEL - CENTRO
varas,1099,3ª Vara do Juizado Especial Cível Norte
varas,1107,3ª Vara do Juizado Especial Cível Central
varas,494,3ª VARA DO SISTEMA DE JUIZADOS
varas,641,3ª VARA DOS EXECUTIVOS FISCAIS ESTADUAL
varas,1093,3ª Vara do Juizado Especial Cível Sul
varas,498,3ª VARA DO JEC
varas,1176,3ª Vara Judicial
varas,563,3ªVT
varas,699,3º DISTRIBUIDOR DO FÓRUM JOANA BEZERRA
varas,1241,3° VSJE
varas,598,3º JUIZADO ESPECIAL CÍVEL
varas,985,3º JUIZADO ESPECIAL CRIMINAL
varas,649,3ª VARA DE EXECUÇÕES FISCAIS
varas,1048,3º VSJE DO CONSUMIDOR
varas,518,4 VARA REGIONAL MANGABEIRA
varas,889,40ª VC
varas,406,3º VARA
varas,428,40
varas,1179,3º Juizado Especial Cível e das Relações de Consumo de Olinda
varas,915,41ª VC
varas,918,42ª VC
varas,537,42ºVT
varas,430,40ª VT
varas,833,44ª VC
varas,838,43ª VC
varas,554,44ªVT
varas,536,43ªVT
varas,848,45ª VC
varas,582,45ªVT
varas,909,46ª VC
varas,544,41ºVT
varas,834,48ª VC
varas,917,47ª VC
varas,584,46ªVT
varas,835,48ª VC
varas,570,47ªVT
varas,899,49ª VC
varas,571,48ªVT
varas,280,4ª CÂMARA CÍVEL
varas,1191,4ª Câmara Criminal do Tribunal de Justiça de Pernambuco
varas,312,4ª TURMA RECURSAL
varas,388,4ª VARA DA FAZENDA PUBLICA
varas,997,4ª PROMOTORIA DO CIDADÃO, ESPECIALIZADA NA DEFESA DO ACIDENTADO DO TRABALHO, IDOSO, DEFICIENTE E DIREITOS HUMANOS EM GERAL
varas,624,4ª VARA CÍVEL
varas,408,4ª VARA DE FAMÍLIA E REGISTRO CIVIL
varas,924,4ª VARA DA JUSTIÇA FEDERAL CRIMINAL
varas,1150,4ª vara das execuções fiscais federais
varas,561,49ºVT
varas,499,4ª VARA DO JEC
varas,1094,4ª Vara do Juizado Especial Cível Sul
varas,1137,4ª VARA DOS EXECUTIVOS FISCAIS FEDERAIS
varas,900,4ª VSJE DO CONSUMIDOR (BROTAS VESPERTINO)
varas,1066,4ª VSJE CRIMINAL (ITAPUÃ VESPERTINO)
varas,365,4ª VARA REGIONAL DE MANGABEIRA
varas,744,5 V DOS FEITOS DE REL DE CONS CIV E COMERCIAIS  
varas,440,4º VARA
varas,329,5 JEC DA CAPITAL
varas,198,4ª VARA DOS FEITOS DAS RELAÇÕES DE CONSUMO
varas,846,50ª VC
varas,585,5 VARA FEDERAL JUIZADO ESPECIAL
varas,593,51ª PROMOTORIA ESPECIALIZADA NA PROTEÇÃO E DEFESA DO CONSUMIDOR
varas,1100,4ª Vara do Juizado Especial Cível Norte
varas,426,50ª VT
varas,558,52ªVT
varas,908,51ª VC
varas,540,53ªVT
varas,892,52ªVC
varas,569,57ªVT
varas,557,51ªVT
varas,556,58ªVT
varas,578,54ªVT
varas,534,56ºVT
varas,1109,59º PROMOTORIA DE JUSTIÇA
varas,1081,5ª CÂMARA DE MEDlAÇÂO E  ARBITRAGEM 
varas,551,59ªVT
varas,983,5ª Oficio de são Gonçalo- RJ Tabelionato de Protesto e títulos 
varas,966,5ª TURMA ESPECIALIZADA
varas,580,55ªVT
varas,1043,5ª JEF
varas,1050,5ª VARA CRIMINAL
varas,634,5ª VARA CÍVEL
varas,300,5ª TURMA RECURSAL
varas,1076,5ª VARA DO JUIZADO ESPECIAL CÍVEL - NORTE
varas,411,5ª VARA DA FAZENDA PÚBLICA
varas,1145,5ª vara das execuções fiscais
varas,1095,5ª Vara do Juizado Especial Cível Sul
varas,1101,5ª Vara do Juizado Especial Cível Norte
varas,1197,5ª Vara Mista de Santa Rita
varas,507,5ª VARA DO JEC
varas,721,5ª VARA FEDERAL
varas,597,5º JUIZADO ESPECIAL CÍVEL CENTRAL
varas,1074,5º Vara Juizado Especial Cível Norte
varas,546,60ªVT
varas,626,5° JEC CENTRAL
varas,1016,61º PROMOTORIA DE JUSTIÇA DA COMARCA DE NATAL DEFESA DO CONSUMIDOR
varas,553,61ªVT
varas,618,5ª VT
varas,542,63ºVT
varas,535,64ºVT
varas,429,66ª VT
varas,541,62ªVT
varas,581,65ªVT
varas,457,69ª VT
varas,579,68ªVT
varas,166,6ª CÂMARA CÍVEL
varas,369,6ª TURMA RECURSAL DOS JUIZADOS ESPECIAIS
varas,574,67ªVT
varas,1162,6ª Vara das Execuções Fiscais Federais 
varas,628,6ª VARA CÍVEL
varas,1075,6ª VARA DO JUIZADO ESPECIAL CÍVEL - SUL
varas,550,69ºVT
varas,509,6ª VARA DO JEC
varas,1102,6ª Vara do Juizado Especial Cível Norte
varas,617,6ª VT
varas,1096,6ª Vara do Juizado Especial Cível Sul
varas,1227,6º Juizado Especial Cível e das Relações de Consumo da Capital 
varas,1233,6ª VSJE do consumidor 
varas,904,6ª VSJE DO CONSUMIDOR (NAJ VESPERTINO)
varas,576,71ªVT
varas,747,5ª VARA FEDERAL DE PORTO ALEGRE/RS
varas,167,70ª PROMOTORIA DE JUSTIÇA
varas,547,73ªVT
varas,468,75ª VT
varas,525,77ª
varas,555,74ªVT
varas,1128,77 VT
varas,567,76ªVT
varas,434,79ª VT
varas,829,7ª CIRCUNSCRIÇÃO POLICIAL EM RECIFE
varas,704,7ª VARA DA FAZENDA PÚBLICA
varas,610,7ª VARA DO JEC
varas,1103,7ª Vara do Juizado Especial Cível - UNIFAP 
varas,623,7ª VARA FEDERAL
varas,590,7ª VC
varas,572,7ªVT
varas,543,78ªVT
varas,1021,7° PROMOTORIA DE INVESTIGAÇÃO PENAL
varas,1198,7°JEF
varas,1226,7° Vara Criminal Judicial
varas,1152,7ª vara das execuções fiscais federais
varas,459,82ª VARA
varas,573,82ªVT
varas,577,80ªVT
varas,548,81ªVT
varas,824,83ª VT
varas,586,86ªVT
varas,981,84ª VT
varas,566,70ªVT
varas,1042,87ªVT
varas,1173,89ª VT
varas,1153,8ª vara das execuções fiscais federais
varas,538,88ªVT
varas,496,8ª VARA DO JEC
varas,575,72ªVT
varas,630,8ª VARA DOS FEITOS DAS RELAÇÕES DE CONSUMO
varas,583,85ªVT
varas,524,8º JEC
varas,594,9ª VARA DO JEC
varas,775,90ª VT
varas,622,9ª VARA CÍVEL
varas,1017,9ª VARA FAZENDA PUBLICA
varas,1154,9ª vara das execuções fiscais federais
varas,560,8ªVT
varas,1052,9ª VSJE DO CONSUMIDOR
varas,545,9ªVT
varas,587,9º JUIZADO ESPECIAL CIVEL
varas,794,ADUSEPS - ASSOCIAÇÃO DE DEFESA DOS USUÁRIOS DE SEGUROS
varas,795,ADUSEPS - ASSOCIAÇÃO DE DEFESA DOS USUÁRIOS DE SEGUROS
varas,796,ADUSEPS - ASSOCIAÇÃO DE DEFESA DOS USUÁRIOS DE SEGUROS
varas,360,9ª VF
varas,1127,AGEFIS 
varas,1111,AGEFIS - GOVERNO DO DISTRITO FEDERAL - AGÊNCIA DE FISCALIZAÇÃO DO DISTRITO FEDERAL - SUPERINTENDÊNCIA DE FISCALIZAÇÃO DE LIMPEZA URBANA - COORDENAÇÃO DE FISCALIZAÇÃO DE LIMPEZA URBANA - RAF 5
varas,1060,AGÊNCIA NACIONAL DE SAÚDE SUPLEMENTAR  NÚCLEO PERNAMBUCO
varas,961,Agência Nacional de Transportes Terrestres
varas,797,ADUSEPS - ASSOCIAÇÃO DE DEFESA DOS USUÁRIOS DE SEGUROS
varas,728,AGENCIA ESTADUAL DE MEIO AMBIENTE DO ESTADO DE PERNAMBUCO
varas,979,ANAC - Agência Nacional de Aviação Civil
varas,1158,Anexo Fiscal
varas,1205,ANS - Agência Nacional de Saúde - RECIFE
varas,595,ARQUIVO GERAL
varas,227,ADMINISTRATIVO TRIBUTÁRIO
varas,600,ASSEMBLEIA LEGISLATIVA
varas,514,ASSEMBLEIA LEGISLATIVA DO ESTADO
varas,700,CAC - CENTRO DE ATENDIMENTO AO CONTRIBUINTE DA RFB DO PINA/PE
varas,832,AV. CONDE DA BOA VISTA
varas,862,CÂMARA DE CONCILIAÇÃO, MEDIAÇÃO E ARBITRAGEM
varas,878,CÂMARA DE CONCILIAÇÃO - FACULDADE UNIVERSO
varas,865,CÂMARA DE CONCILIAÇÃO, MEDIAÇÃO E ARBITRAGEM - FOCCA
varas,414,CAMARA CIVEL
varas,969,Câmara Municipal
varas,864,CÂMARA DE CONCILIAÇÃO, MEDIAÇÃO E ARBITRAGEM DA UFPE
varas,1120,CARTÓRIO DE PROTESTO
varas,416,CARA CÍVEL DA COMARCA DE RIBEIRA DO POMBAL
varas,1113,Cartório de Títulos e Documentos da Cidade de SÃO GONÇALO DO AMARANTE ? CE
varas,970,APEVISA
varas,1037,CARTORIO DO 11° OFíCIO
varas,1054,CARTÓRIO DO POSTO AVANÇADO DO JEC  (C. MOREIRA)
varas,1234,CARTRIS
varas,1119,Cartório do Projeto da Justiça Itinerante - Vila de Cava
varas,762,CDC - COMISSÃO DE DEFESA DO CONSUMIDOR - ASSEMBLÉIA LEGISLATIVA DO ESTADO
varas,462,CARTÓRIO JUDICIAL UNIFICADO DE MANGABEIRA 
varas,761,CDC - COMISSÃO DE DEFESA DO CONSUMIDOR - ASSEMBLÉIA LEGISLATIVA DO ESTADO
varas,764,CDC - COMISSÃO DE DEFESA DO CONSUMIDOR - ASSEMBLÉIA LEGISLATIVA DO ESTADO
varas,1208,CENTRAL DE CARTAS DE ORDEM, PRECATÓRIA E ROGATÓRIA DO FORO DA COMARCA DE RECIFE/PE 
varas,763,CDC - COMISSÃO DE DEFESA DO CONSUMIDOR - ASSEMBLÉIA LEGISLATIVA DO ESTADO
varas,976,CEJUSC
varas,852,CENTRAL DE CONCILIAÇÃO - FGV
varas,765,CDC - COMISSÃO DE DEFESA DO CONSUMIDOR - ASSEMBLÉIA LEGISLATIVA DO ESTADO
varas,853,CENTRAL DE CONCILIAÇÃO - UNICAP
varas,884,CARTÓRIO DA POSTO AVANCADO - APERIBÉ
varas,851,CENTRAL DE CONCILIAÇÃO - FOCCA
varas,714,CENTRAL DE EXECUÇÃO JUIZADO ESPECIAL
varas,436,CENTRAL DE CONCILIAÇÃO FORUM GUMERSINDO BESSA
varas,133,CENTRAL DE MEDIÇÃO - TJPE
varas,148,CENTRAL DE MEDIAÇÃO - TJPB
varas,258,CENTRAL DE CONCILIAÇÃO DO TJCE
varas,424,CENTRAL DE SOLUÇÃO DE CONFLITOS E CIDADANIA
varas,528,CENTRAL DE CONCILIAÇÃO
varas,220,CENTRAL DE MEDIAÇÃO AESO
varas,1199,CENTRASE CÍVEL - CENTRAL DE CUMPRIMENTO DE SENTENÇA DE BELO HORIZONTE
varas,945,Centro Judiciário de Solução de Conflitos e Cidadania dos Juizados Especiais - FAAO
varas,1036,Centro Judiciário de Solução de Conflitos e Cidadania dos Juizados Especiais Cíveis
varas,1121,CENTRO JUDICIÁRIO DE SOLUÇÃO DE CONFLITOS E CIDADANIA-CJUS/PROCESSUAL - AL
varas,712,CENTRO JUDICIÁRIO DE SOLUCOES DE CONFLITOS DA REGIAO OESTE
varas,881,CENTRO PERMANENTE DE CONCILIAÇÃO JUIZADO ESPECIAL CÍVEL
varas,738,CENTRO JUDICIARIO DE SOLUÇÃO DE CONFLIOS E CIDADANIA DOS JUIZADOS ESPECIAIS CIVEIS DE BRASILIA
varas,844,COMAR
varas,736,CENTRO JUDICIÁRIO DE SOLUÇÃO DE CONFL ITOS - CJUS 
varas,1159,COMISSÃO PERMANENTE DE PROCESSO ADMINISTRATIVO LICITATÓRIO E CONTRATUAL  CPPALC
varas,841,CONAR-CONSELHO NACIONAL DE  AUTO REGULACAO PUBLICITARIA
varas,226,CONAT, DA SECRETARIA DA FAZENDA DO ESTADO DO CEARÁ
varas,948,Conselho Administrativo de Recursos Fiscais - CARF
varas,842,CONAR-CONSELHO NACIONAL DE  AUTO REGULACAO PUBLICITARIA
varas,267,CONSELHO DA FAZENDA ESTADUAL
varas,629,CENTRO DE CONCILIAÇÃO E MEDIAÇÃO
varas,1028,CONSELHO SUPERIOR DO MINISTÉRIO PÚBLICO
varas,1177,CONSELHO REGIONAL DE MEDICINA DE PERNAMBUCO
varas,1180,CONSELHO TUTELAR
varas,415,CENTRAL DE PRECATÓRIA
varas,828,CONSELHO REGIONAL DE MEDICINA
varas,420,CREMEPE
varas,831,CORREGEDORIA SDS
varas,1122,CREA
varas,1117,COLEGIO RECURSAL
varas,827,CRM
varas,1039,DECAP
varas,868,DECON
varas,72,DEFENSORIA PÚBLICA
varas,246,DELAGACIA REGIONAL DO TRABALHO
varas,1181,DELEGACIA DA RECEITA FEDERAL DO BRASIL
varas,1007,DEAM- DELEGACIA ESPECIAL DE ATENDIMENTO A MULHER
varas,947,Delegacia de Julgamento da RFB
varas,679,DELEGACIA DE CRIMES CONTRA A ORDEM TRIBUTÁRIA
varas,972,DELEGACIA DE POLÍCIA
varas,1089,DELEGACIA DE POLÍCIA DA 37ª CIRCUNSCRIÇÃO - CAMARAGIBE-PE
varas,933,DELEGACIA DE POLÍCIA DE CRIMES CONTRA ADMINISTRAÇÃO PÚBLICA
varas,777,DELEGACIA DE POLÍCIA DE CRIMES CONTRA A ADMINISTRAÇÃO E SERVIÇOS PÚBLICOS
varas,1071,DELEGACIA DE POLÍCIA DA 9ª CIRCUNSCRIÇÃO
varas,994,DELEGACIA DE POLICIA DE PREVENÇA E REPRESSÃO AOS CRIMES CONTRA O CONSUMIDOR - CONCÓRDIA
varas,986,DELEGACIA DE POLÍCIA DE PREVENÇÃO E REPRESSÃO AOS CRIMES CONTRA O CONSUMIDOR
varas,770,DELEGACIA DE POLÍCIA DO TURISTA
varas,1006,DELEGACIA DE REPRESSÃO A ESTELIONATO E OUTRAS FRAUDES
varas,992,DELEGACIA DO 1° DISTRITO DA CAPITAL
varas,980,DELEGACIA DO CONSUMIDOR
varas,993,DELEGACIA POLICIAL DE PROTEÇÃO AO CONSUMIDOR - AFOGADOS
varas,1170,DELEGACIA REGIONAL TRIBUTÁRIA DRTC - III
varas,1030,DEPARTAMENTO DE POLÍCIA JUDICIÁRIA - DECAP
varas,1004,DEPARTAMENTO DE POLICIA METROPOLITANA DELEGACIA DE DEFESA DO CONSUMIDOR
varas,132,DP 7ª CIRC - BOA VIAGEM
varas,1126,EMLURB
varas,484,DECCOTAP
varas,478,EXTENSÃO UESC
varas,916,FAZENDA PÚBLICA
varas,877,FORO DISTRITAL PARELHEIROS
varas,1132,FORO REGIONAL IX - VILA PRUDENTE
varas,814,FORO REGIONAL VII ITAQUERA
varas,995,FÓRUM CRIMINAL MINISTRO OSWALDO TRIGUEIRO ALBUQUERQUE MELO
varas,209,CTTU
varas,439,DETRAN
varas,1131,FUNAPE
varas,741,FUNDAÇÃO PROCON
varas,724,GABINETE DO MINISTRO NAPOLEÃO NUNES MAIA FILHO
varas,942,Foro Regional I - Santana
varas,815,IMA - INSTITUTO DO MEIO AMBIENTE
varas,384,IBAMA
varas,817,IMA - INSTITUTO DO MEIO AMBIENTE
varas,816,IMA - INSTITUTO DO MEIO AMBIENTE
varas,818,IMA - INSTITUTO DO MEIO AMBIENTE
varas,210,INMEQ
varas,206,INMETRO
varas,999,DELEGACIA ESPECIAL DE PROTEÇÃO AO CONSUMIDOR E MEIO AMBIENTE
varas,638,IPEM
varas,1255,J.E. Cível Zona Centro 1 
varas,684,INSTITUTO TECNICO CIENTIFICO DA POLICIA - ITEP
varas,1213,J.E. Civel Zona Leste 2 - Anexo I
varas,1114,INSTITUTO DE METROLOGIA E QUALIDADE INDUSTRIAL DA PARAÍBA - IMEQ-PB
varas,705,J.E. CÍVEL ZONA LESTE 2 - ININGA SEDE(UFPI)
varas,202,INSS
varas,1252,J.E. Cível Zona Leste 1
varas,405,J.E. CÍVEL ZONA NORTE 2 - ANEXO II FACID - PEDRA MOLE
varas,168,JEC - ANEXO II
varas,1258,J.E. Cível Zona Leste 2 - Ininga Sede (UFPI)
varas,293,JEC
varas,1164,IFMT
varas,211,JEC - VESPERTINO
varas,153,JEC ? ZONA NORTE 1 ? UESPI ? PIRAJÁ 
varas,146,JEC ADJUNTO
varas,693,JEC - UNIVERSO
varas,353,JEC AMARANTE DO MARANHÃO
varas,654,JEC APODI
varas,250,JEC ANTONINA DO NORTE
varas,967,JEC ADJUNTO CRIMINAL
varas,242,JEC - SAJ
varas,356,JEC BARREIRAS
varas,310,JEC BATALHA
varas,254,JEC BARRO
varas,245,JEC BARRAS
varas,236,JEC CAJAZEIRAS
varas,752,JEC BROTAS
varas,318,JEC CANTANHEDE
varas,257,JEC APOIO
varas,240,JEC CAUCAIA
varas,332,JEC CARUTAPERA
varas,239,JEC CAUCACIA
varas,386,JEC CHAPADINHA
varas,952,JEC Cível Zona Norte 2 - Sede Buenos Aires
varas,364,JEC CRATÉUS
varas,313,JEC CEDRO
varas,451,JEC CENTRO 1
varas,265,JEC DE TRÂNSITO
varas,725,JEC DE VALENÇA/BA
varas,330,JEC CRATO
varas,298,JEC CRATOS
varas,126,JEC DECON NAJ MATUTINO
varas,125,JEC EXT. JORGE AMADO VESPERTINO
varas,526,JEC EXT JORGE AMADO MATUTINO
varas,123,JEC FEDERAÇÃO - VESPERTINO
varas,639,JEC FEDERAÇÃO MATUTINO - PROJUDI
varas,135,JEC FEDERAÇÃO - MATUTINO
varas,243,JEC EXTENSÃO UESC 
varas,465,JEC GIRAU PONCIANO
varas,270,JEC DELMIRO GOUVEIA
varas,793,JEC IDOSO CRIMINAL
varas,296,JEC ILHEUS
varas,121,JEC EXECUÇÕES
varas,165,JEC JORGE AMADO - MATUTINO
varas,319,JEC JIJOCA DE JERICOACOARA
varas,431,JEC JUAZEIRO
varas,460,JEC ITABUNA VESPESRTINO
varas,421,JEC MAIOBÃO
varas,145,JEC MANGABEIRA
varas,124,JEC MATUTINO
varas,619,JEC MARACANAÚ
varas,234,JEC MODELO CÍVEL
varas,419,JEC MODELO CÍVEL - EXT. JORGE AMADO - MATUTINO
varas,463,JEC MODELO CIVEL - FEDERAÇÃO VESPERTINO
varas,235,JEC MODELO CIVEL EXT- JORGE AMADO
varas,504,JEC MODELO EXT JORGE AMADO - VESPERTINO
varas,288,JEC MONSEHOR TABOSA
varas,118,JEC IDOSO
varas,301,JEC ITAPIPOCA
varas,390,JEC PAULO AFONSO
varas,304,JEC MONSENHOR TABOSA
varas,674,JEC NORTE
varas,337,JEC PINDORETAMA
varas,342,JEC POÇÃO DE PEDRAS
varas,154,JEC MISTO
varas,307,JEC QUIXELÔ
varas,262,JEC RIO LARGO
varas,377,JEC QUIXERAMOBIM
varas,650,JEC SAJ JEQUIE
varas,500,JEC SAJ PERIPERI
varas,302,JEC IGARAPÉ GRANDE
varas,633,JEC SAJ FEIRA DE SANTANA
varas,437,JEC RIBAMAR
varas,320,JEC SALVADOR
varas,317,JEC SÃO MIGUEL DOS CAMPOS
varas,224,JEC SANTO ANTÔNIO DE JESUS
varas,271,JEC SÃO RAIMUNDO NONATO 
varas,294,JEC SANTA RITA 
varas,333,JEC SENADOR POMPEU
varas,661,JEC TAUÁ
varas,278,JEC SENHOR DO BONFIM
varas,336,JEC SANTA LUZIA DO PARUÁ
varas,299,JEC TEIXEIRA
varas,487,JEC TEIXEIRA DE FREITAS
varas,808,JEC TORCEDOR
varas,303,JEC TURIAÇU
varas,435,JEC UESC
varas,221,JEC SERRINHA
varas,1045,JEC UNIFAP
varas,604,JEC TIANGUÁ
varas,338,JEC URBANO SANTOS
varas,660,JEC ZONA CENTRO 1
varas,1058,JEC ZONA CENTRO 2 - SEDE MAGALHÃES FILHO
varas,373,JEC SOBRAL
varas,295,JEC ZONA LESTE 1 ? BAIRRO HORTO FLORESTAL
varas,615,JEC ZONA LESTE I
varas,750,JEC UESPI
varas,321,JEC VALENÇA
varas,156,JEC ZONA LESTE II - ANEXO II - CAMILO FILHO
varas,1040,JEC SUL
varas,755,JEC ZONA LESTE 2
varas,422,JEC ZONA NORTE 2 - ANEXO I SANTA MARIA
varas,393,JEC ZONA NORTE 1 - MARQUÊS - ANEXO I FATEPI(TERESINA)
varas,392,JEC ZONA SUDESTE DE TERESINA
varas,212,JEC ZONA SUDESTE- SEDE REDONDA
varas,141,JEC ZONA SUL 2 - ANEXO I
varas,157,JEC ZONA LESTE I - ANEXO II - FAETE
varas,205,JEC ZONA SUL I
varas,359,JEC ZONA NORTE 1
varas,1220,JECC DA 2º VARA
varas,170,JECC SANTO ESTEVÃO
varas,268,JECC ZONA CENTRO 3
varas,169,JECC- SIMÕES FILHO
varas,663,JEF
varas,286,JECC QUIXADÁ
varas,869,JUIZADO DE VIOLENCIA DOMESTICA E FAMILIAR CONTRA A MULHER DE SAMAMBAIA
varas,1223,JESP CÍVEL
varas,1236,Juizado Especial Cível
varas,565,JUIZADO ESPECIAL CÍVEL - EXTENSÃO UESC
varas,366,JECC
varas,635,JUIZADO ESPECIAL CIVEL - ITAPAJE
varas,875,JUIZADO ESPECIAL CÍVEL - UNIDADE GUTIERREZ (EXECUÇÕES EXTRAJUDICIAIS)
varas,1108,Juizado Especial Cível - UNIFAP
varas,275,JEC ZONA SUDESTE - BAIRRO RECANTO DAS PALMEIRAS
varas,1229,Juizado Especial Cível Anexo Mackenzie 
varas,804,JUIZADO ESPECIAL CÍVEL ANEXO UNIP
varas,1225,Juizado Especial Cível Anexo UNISA 
varas,801,JUIZADO ESPECIAL CÍVEL APOIO - INSTITUTO DO CACAU
varas,845,JUIZADO ESPECIAL CÍVEL DE CURITIBA - SANTA FELICIDADE
varas,592,JUIZADO ESPECIAL CIVEL DE MACAU
varas,803,JUIZADO ESPECIAL CÍVEL ANEXO UNIP
varas,802,JUIZADO ESPECIAL CÍVEL ANEXO UNIP
varas,1178,Juizado Especial Cível e das Relações de Consumo
varas,941,Juizado Especial Cível Sul
varas,858,JUIZADO ESPECIAL CÍVEL E CRIMINAL
varas,290,JECC BAYEUX 
varas,927,JUIZADO ESPECIAL CIVEL UNIFAP 
varas,717,JUIZADO ESPECIAL DE VILA VELHA (ES)
varas,716,JUIZADO ESPECIAL FEDERAL ADJUNTO CÍVEL E CRIMINAL 
varas,1059,JUIZADO ESPECIAL ITINERANTE DE BRASILIA
varas,729,JUIZADO FAZENDA PÚBLICA
varas,702,JUIZADO ESPECIAL NORTE-MACAPÁ
varas,926,JUIZADO MICRO EMPRESA E EMPRESA DE PEQUENO PORTE
varas,896,JUIZADO MODELO CÍVEL - EXT. JORGE AMADO - MATUTINO
varas,233,JUIZADO MODELO CÍVEL - EXT. JORGE AMADO - VESPERTINO
varas,669,JUIZADO MODELO CÍVEL - EXT. JORGE AMADO - VESPERTINO - 
varas,905,JUIZADO ESPECIAL CÍVEL DA REGIÃO OCEÂNICA
varas,894,JUIZADO MODELO CÍVEL - FEDERAÇÃO - VESPERTINO
varas,685,JUIZADO MODELO CÍVEL - FEDERAÇÃO - MATUTINO
varas,438,JUNTA COMERCIAL DA BAHIA
varas,1057,JUNTA COMERCIAL DO CEARÁ 
varas,591,JUSTIÇA ITINERANTE
varas,988,JUIZADO ESPECIAL CRIMINAL UNIFICADO
varas,309,MINISTÉRIO DO TRABALHO E EMPREGO
varas,991,MINISTÉRIO PÚBLICO ESTADUAL - PROMOTORIA DE JUSTIÇA COLETIVA ESPECIALIZADA DE DEFESA DO CONSUMIDOR
varas,159,MINISTÉRIO PÚBLICO FEDERAL
varas,247,MINISTÉRIO PÚBLICO DO TRABALHO
varas,218,MPPE
varas,1260,MPPE do Cabo de St Agostinho/PE
varas,1088,NUCIBER - NÚCLEO DE COMBATE AOS CIBERCRIMES
varas,934,OAB 
varas,849,JUNTA COMERCIAL DE PERNAMBUCO
varas,901,OUVIDORIA JUDICIÁRIA
varas,996,JUIZADO ESPECIAL CRIMINAL
varas,1023,Ministério Público
varas,662,PLANTÃO JUDICIAL CÍVEL
varas,839,POLÍCIA CIVIL
